email,senha,nome_completo,nome_social,telefone,genero,data_nascimento
acompanhante1@email.com,91zluNdP)I,Srta. Olívia Azevedo,Srta. Olívia Azevedo,+55 81 2305 2207,Feminino,1979-03-16
acompanhante2@email.com,)M2C26vu0Y,Srta. Luiza Ferreira,Srta. Luiza Ferreira,(084) 9434 2553,Masculino,1981-07-22
acompanhante3@email.com,6pC2I8DIH^,Ana Rios,Ana Rios,+55 41 8780 3910,Não-binário,1967-11-24
acompanhante4@email.com,Y(5vuYMfb5,Pietro Teixeira,Pietro Teixeira,0900 893 4688,Não-binário,1977-03-22
acompanhante5@email.com,aQ2xI1Ht&$,Giovanna Freitas,Giovanna Freitas,+55 61 3188-7439,Não-binário,1985-06-21
acompanhante6@email.com,ulM3oLd%**,Sra. Aurora Azevedo,Sra. Aurora Azevedo,(081) 9726-3640,Masculino,1983-05-18
acompanhante7@email.com,!vtAkdZd2H,Maria da Mota,Maria da Mota,11 7895 1034,Masculino,1980-01-14
acompanhante8@email.com,11UXj*d7)N,Maria Helena Camargo,Maria Helena Camargo,0800-516-2448,Não-binário,1982-07-30
acompanhante9@email.com,uCJQieq6)1,Yan Vieira,Yan Vieira,(061) 5625-2352,Masculino,1963-06-06
acompanhante10@email.com,_%9DHsa9%$,Diogo Mendonça,Diogo Mendonça,+55 81 3666 8676,Feminino,1991-10-05
acompanhante11@email.com,qlW7Odhm#6,João Gabriel da Rocha,João Gabriel da Rocha,41 7761 1415,Não-binário,1980-02-26
acompanhante12@email.com,t^XE6b^nJX,Luiz Miguel Sales,Luiz Miguel Sales,21 3369-0545,Não-binário,1972-09-27
acompanhante13@email.com,(Fys)0npd_,Sra. Rafaela Azevedo,Sra. Rafaela Azevedo,+55 31 8780 7340,Não-binário,1987-11-30
acompanhante14@email.com,!IlRHylc6q,Ana Carolina Fonseca,Ana Carolina Fonseca,0500 924 6567,Não-binário,1960-06-13
acompanhante15@email.com,&C%6BoEwhA,Diego da Mata,Alícia,61 2992-0909,Feminino,1989-02-10
acompanhante16@email.com,#PYF6k2h7g,Diogo Campos,Diogo Campos,11 5808 7410,Feminino,1968-10-23
acompanhante17@email.com,#l$d_EFu8K,Bruno Sá,Bruno Sá,11 8516 2697,Masculino,1995-05-09
acompanhante18@email.com,_Ci8xEdvvY,Dr. Vitor Hugo Ferreira,Dr. Vitor Hugo Ferreira,+55 61 4340-7345,Masculino,1977-09-22
acompanhante19@email.com,oDKRLfi*(4,Bryan Borges,Bryan Borges,+55 84 9165 6359,Não-binário,1984-02-20
acompanhante20@email.com,$WMMFnov4N,Oliver Araújo,Oliver Araújo,(071) 9164-2113,Não-binário,1967-01-17
acompanhante21@email.com,+87P6QzQgA,Maria Julia Martins,Maria Julia Martins,+55 (061) 3763-1279,Masculino,1961-11-26
acompanhante22@email.com,@++ZVqQqJ4,Luigi Novais,Luigi Novais,+55 (071) 9997 0689,Masculino,1960-05-12
acompanhante23@email.com,^KDb#iD%i8,Milena Borges,Milena Borges,(081) 5038-5118,Não-binário,1964-03-09
acompanhante24@email.com,Y*sf1Vkl)_,Isaac Silva,Davi Luiz,11 8346-4047,Não-binário,1993-03-03
acompanhante25@email.com,b587KnOV)V,Srta. Luara Vieira,Srta. Luara Vieira,0900-001-4280,Feminino,1985-08-14
acompanhante26@email.com,#Cr7FDghDu,Luiz Otávio Sampaio,Luiz Otávio Sampaio,+55 51 5025 6360,Feminino,1972-04-20
acompanhante27@email.com,%OSQ5WdmC5,Luiz Miguel Rios,Luiz Miguel Rios,+55 51 8011 8449,Não-binário,1962-12-26
acompanhante28@email.com,w!0vDsMA_1,Liam Borges,Liam Borges,(081) 8222 6447,Masculino,1987-01-09
acompanhante29@email.com,)M9LOQJr_L,André da Cruz,André da Cruz,+55 21 1662 1037,Não-binário,1985-05-02
acompanhante30@email.com,(p(GAKxE3X,Mirella Araújo,Mirella Araújo,+55 (061) 8512 7573,Feminino,1988-08-28
acompanhante31@email.com,v)3M(YScDh,Ana Sophia Machado,Ana Sophia Machado,(041) 4624 5443,Masculino,1973-11-05
acompanhante32@email.com,_Q26EyVmch,Pedro Lucas Pastor,Pedro Lucas Pastor,61 7390 6982,Não-binário,1982-06-28
acompanhante33@email.com,!C32YxmF&c,Dr. Luiz Fernando Oliveira,Dr. Luiz Fernando Oliveira,+55 51 3464 7910,Não-binário,1981-07-23
acompanhante34@email.com,Qm@*6KMy22,Diego Souza,Diego Souza,81 2327-2556,Não-binário,1990-03-08
acompanhante35@email.com,_o#JWKa%+2,Dr. Emanuel Moura,Dr. Emanuel Moura,+55 21 9394-3941,Masculino,1965-10-09
acompanhante36@email.com,@$d4vGyezz,Ana Laura Pastor,Ana Laura Pastor,71 9325 5977,Masculino,1965-06-13
acompanhante37@email.com,63LzLVu)&l,Caroline Pinto,Caroline Pinto,+55 (021) 3322 3502,Masculino,1998-01-05
acompanhante38@email.com,E&4YMv4kSo,Davi Garcia,Davi Garcia,+55 51 0999 4615,Feminino,1987-07-24
acompanhante39@email.com,xl4M)ATQ3!,Vitor Gabriel Campos,Vitor Gabriel Campos,+55 84 1453-5077,Feminino,1975-06-09
acompanhante40@email.com,%7T^sISwds,Isabella Carvalho,Isabella Carvalho,(021) 7984-9256,Masculino,1977-08-04
acompanhante41@email.com,hv$HdrTp_6,Ana Beatriz Sousa,Ana Beatriz Sousa,(071) 8373-3252,Feminino,1977-02-11
acompanhante42@email.com,7m^6ZOvOhd,Camila Siqueira,Camila Siqueira,(081) 8930-8060,Feminino,1979-06-07
acompanhante43@email.com,Mehg8Vxk#z,Ana Vitória Sousa,Ana Vitória Sousa,81 4585 2360,Não-binário,1982-05-31
acompanhante44@email.com,@$*TAqaEL2,Isabel Câmara,Isabel Câmara,+55 (041) 6494-6239,Não-binário,1981-07-17
acompanhante45@email.com,T$Jq3ZLl)C,Yasmin Vieira,Yasmin Vieira,(061) 9168 5892,Não-binário,1967-06-24
acompanhante46@email.com,o^5X1WFcSq,Léo Cassiano,Léo Cassiano,84 6144-3189,Masculino,1972-08-11
acompanhante47@email.com,(l8&nEen6+,Mirella Alves,Mirella Alves,+55 81 3474-5323,Masculino,1968-10-02
acompanhante48@email.com,&p*)HMVu$6,Ryan Duarte,Ryan Duarte,(084) 3955-3666,Feminino,1978-05-20
acompanhante49@email.com,%GI+Rfo6@3,Mathias Rios,Mathias Rios,61 0251 9280,Masculino,1970-08-03
acompanhante50@email.com,U%4Ogny7Ae,Rael Cassiano,Rael Cassiano,(031) 8856 2754,Masculino,1981-10-14
